DROP TABLE IF EXISTS "auth_group";
CREATE TABLE "auth_group" ("id" integer NOT NULL PRIMARY KEY AUTOINCREMENT, "name" varchar(80) NOT NULL UNIQUE);
DROP TABLE IF EXISTS "auth_group_permissions";
CREATE TABLE "auth_group_permissions" ("id" integer NOT NULL PRIMARY KEY AUTOINCREMENT, "group_id" integer NOT NULL REFERENCES "auth_group" ("id"), "permission_id" integer NOT NULL REFERENCES "auth_permission" ("id"), UNIQUE ("group_id", "permission_id"));
DROP TABLE IF EXISTS "auth_permission";
CREATE TABLE "auth_permission" ("id" integer NOT NULL PRIMARY KEY AUTOINCREMENT, "name" varchar(50) NOT NULL, "content_type_id" integer NOT NULL REFERENCES "django_content_type" ("id"), "codename" varchar(100) NOT NULL, UNIQUE ("content_type_id", "codename"));
INSERT INTO "auth_permission" VALUES(1,'Can add log entry',1,'add_logentry');
INSERT INTO "auth_permission" VALUES(2,'Can change log entry',1,'change_logentry');
INSERT INTO "auth_permission" VALUES(3,'Can delete log entry',1,'delete_logentry');
INSERT INTO "auth_permission" VALUES(4,'Can add permission',2,'add_permission');
INSERT INTO "auth_permission" VALUES(5,'Can change permission',2,'change_permission');
INSERT INTO "auth_permission" VALUES(6,'Can delete permission',2,'delete_permission');
INSERT INTO "auth_permission" VALUES(7,'Can add group',3,'add_group');
INSERT INTO "auth_permission" VALUES(8,'Can change group',3,'change_group');
INSERT INTO "auth_permission" VALUES(9,'Can delete group',3,'delete_group');
INSERT INTO "auth_permission" VALUES(10,'Can add user',4,'add_user');
INSERT INTO "auth_permission" VALUES(11,'Can change user',4,'change_user');
INSERT INTO "auth_permission" VALUES(12,'Can delete user',4,'delete_user');
INSERT INTO "auth_permission" VALUES(13,'Can add content type',5,'add_contenttype');
INSERT INTO "auth_permission" VALUES(14,'Can change content type',5,'change_contenttype');
INSERT INTO "auth_permission" VALUES(15,'Can delete content type',5,'delete_contenttype');
INSERT INTO "auth_permission" VALUES(16,'Can add session',6,'add_session');
INSERT INTO "auth_permission" VALUES(17,'Can change session',6,'change_session');
INSERT INTO "auth_permission" VALUES(18,'Can delete session',6,'delete_session');
INSERT INTO "auth_permission" VALUES(19,'Can add machine',7,'add_machine');
INSERT INTO "auth_permission" VALUES(20,'Can change machine',7,'change_machine');
INSERT INTO "auth_permission" VALUES(21,'Can delete machine',7,'delete_machine');
INSERT INTO "auth_permission" VALUES(22,'Can add address',8,'add_address');
INSERT INTO "auth_permission" VALUES(23,'Can change address',8,'change_address');
INSERT INTO "auth_permission" VALUES(24,'Can delete address',8,'delete_address');
INSERT INTO "auth_permission" VALUES(25,'Can add customer',9,'add_customer');
INSERT INTO "auth_permission" VALUES(26,'Can change customer',9,'change_customer');
INSERT INTO "auth_permission" VALUES(27,'Can delete customer',9,'delete_customer');
INSERT INTO "auth_permission" VALUES(28,'Can add service engineer',10,'add_serviceengineer');
INSERT INTO "auth_permission" VALUES(29,'Can change service engineer',10,'change_serviceengineer');
INSERT INTO "auth_permission" VALUES(30,'Can delete service engineer',10,'delete_serviceengineer');
INSERT INTO "auth_permission" VALUES(31,'Can add part',11,'add_part');
INSERT INTO "auth_permission" VALUES(32,'Can change part',11,'change_part');
INSERT INTO "auth_permission" VALUES(33,'Can delete part',11,'delete_part');
INSERT INTO "auth_permission" VALUES(37,'Can add service log',13,'add_servicelog');
INSERT INTO "auth_permission" VALUES(38,'Can change service log',13,'change_servicelog');
INSERT INTO "auth_permission" VALUES(39,'Can delete service log',13,'delete_servicelog');
INSERT INTO "auth_permission" VALUES(40,'Can add part',14,'add_part');
INSERT INTO "auth_permission" VALUES(41,'Can change part',14,'change_part');
INSERT INTO "auth_permission" VALUES(42,'Can delete part',14,'delete_part');
DROP TABLE IF EXISTS "auth_user";
CREATE TABLE "auth_user" ("id" integer NOT NULL PRIMARY KEY AUTOINCREMENT, "password" varchar(128) NOT NULL, "last_login" datetime NOT NULL, "is_superuser" bool NOT NULL, "username" varchar(30) NOT NULL UNIQUE, "first_name" varchar(30) NOT NULL, "last_name" varchar(30) NOT NULL, "email" varchar(75) NOT NULL, "is_staff" bool NOT NULL, "is_active" bool NOT NULL, "date_joined" datetime NOT NULL);
INSERT INTO "auth_user" VALUES(1,'pbkdf2_sha256$12000$yGDsUdKnXvNE$2g6NBVPckVtg0orcHY73E4dDM2CJGfafq2kC5uuaIok=','2014-10-30 14:49:41.145715',1,'rob','','','robdevelop@earthlink.net',1,1,'2014-10-17 00:40:35.912596');
INSERT INTO "auth_user" VALUES(2,'pbkdf2_sha256$12000$0wEDUUlhuwiF$+UIGmO90Tm2ErDmMAAj0s2K4L/qfWq8oHu+piEABAAM=','2014-10-28 22:45:32',1,'broseph','Bro','Broman','BB@hotmail.com',1,1,'2014-10-28 22:44:08');
INSERT INTO "auth_user" VALUES(3,'pbkdf2_sha256$12000$YHEk4UxfhF6h$P3DyUbrZcJc9baMT0Waq2MiCkBjaauIGpR4/BvhUZag=','2014-10-28 22:46:21',1,'jdaniele','JD','JD','JD@hotmail.com',1,1,'2014-10-28 22:46:21');
DROP TABLE IF EXISTS "auth_user_groups";
CREATE TABLE "auth_user_groups" ("id" integer NOT NULL PRIMARY KEY AUTOINCREMENT, "user_id" integer NOT NULL REFERENCES "auth_user" ("id"), "group_id" integer NOT NULL REFERENCES "auth_group" ("id"), UNIQUE ("user_id", "group_id"));
DROP TABLE IF EXISTS "auth_user_user_permissions";
CREATE TABLE "auth_user_user_permissions" ("id" integer NOT NULL PRIMARY KEY AUTOINCREMENT, "user_id" integer NOT NULL REFERENCES "auth_user" ("id"), "permission_id" integer NOT NULL REFERENCES "auth_permission" ("id"), UNIQUE ("user_id", "permission_id"));
DROP TABLE IF EXISTS "django_admin_log";
CREATE TABLE "django_admin_log" ("id" integer NOT NULL PRIMARY KEY AUTOINCREMENT, "action_time" datetime NOT NULL, "object_id" text NULL, "object_repr" varchar(200) NOT NULL, "action_flag" smallint unsigned NOT NULL, "change_message" text NOT NULL, "content_type_id" integer NULL REFERENCES "django_content_type" ("id"), "user_id" integer NOT NULL REFERENCES "auth_user" ("id"));
INSERT INTO "django_admin_log" VALUES(1,'2014-10-17 14:33:31.568993','1','Address object',1,'',8,1);
INSERT INTO "django_admin_log" VALUES(2,'2014-10-17 14:35:35.108387','1','ServiceEngineer object',1,'',10,1);
INSERT INTO "django_admin_log" VALUES(3,'2014-10-17 14:37:02.251176','2','Address object',1,'',8,1);
INSERT INTO "django_admin_log" VALUES(4,'2014-10-18 09:29:03.088064','3','Address object',1,'',8,1);
INSERT INTO "django_admin_log" VALUES(5,'2014-10-18 09:35:44.735150','1','Dr. Zyzmor',1,'',9,1);
INSERT INTO "django_admin_log" VALUES(6,'2014-10-18 09:47:17.478058','999','999',1,'',7,1);
INSERT INTO "django_admin_log" VALUES(7,'2014-10-18 09:50:45.354499','98097','98097',1,'',11,1);
INSERT INTO "django_admin_log" VALUES(9,'2014-10-18 10:04:47.060203','5345','5345',1,'',13,1);
INSERT INTO "django_admin_log" VALUES(10,'2014-10-19 19:19:47.674169','2','Alan Parsons',1,'',9,1);
INSERT INTO "django_admin_log" VALUES(11,'2014-10-19 19:20:01.197045','2','Alan Parsons Project',2,'Changed name.',9,1);
INSERT INTO "django_admin_log" VALUES(12,'2014-10-23 00:35:07.418916','87234','87234	Regal	2011-10-23	4.5	puasd	777',1,'',7,1);
INSERT INTO "django_admin_log" VALUES(13,'2014-10-23 00:36:03.604784','98234','98234	83726	5.59	3',1,'',11,1);
INSERT INTO "django_admin_log" VALUES(14,'2014-10-23 00:36:13.673637','2','JD JD',1,'',10,1);
INSERT INTO "django_admin_log" VALUES(16,'2014-10-23 00:36:42.900684','8888','8888',1,'',13,1);
INSERT INTO "django_admin_log" VALUES(17,'2014-10-25 02:15:19.398182','8324234','8324234	332	359.99	7	Boston',1,'',14,1);
INSERT INTO "django_admin_log" VALUES(18,'2014-10-25 02:15:36.802459','92377','92377	88	400	54	Long Island',1,'',14,1);
INSERT INTO "django_admin_log" VALUES(19,'2014-10-28 22:44:08.088665','2','broseph',1,'',4,1);
INSERT INTO "django_admin_log" VALUES(20,'2014-10-28 22:44:58.006811','2','broseph',2,'Changed first_name, last_name, email and is_staff.',4,1);
INSERT INTO "django_admin_log" VALUES(21,'2014-10-28 22:46:21.739406','3','jdaniele',1,'',4,1);
INSERT INTO "django_admin_log" VALUES(22,'2014-10-28 22:46:51.540225','3','jdaniele',2,'Changed first_name, last_name, email, is_staff and is_superuser.',4,1);
INSERT INTO "django_admin_log" VALUES(23,'2014-10-28 22:49:20.730103','2','broseph',2,'Changed is_superuser.',4,1);
INSERT INTO "django_admin_log" VALUES(24,'2014-11-01 01:20:19.825156','8888','8888',2,'Changed purchase_order, zone_charge and parts_charge.',13,1);
DROP TABLE IF EXISTS "django_content_type";
CREATE TABLE "django_content_type" ("id" integer NOT NULL PRIMARY KEY AUTOINCREMENT, "name" varchar(100) NOT NULL, "app_label" varchar(100) NOT NULL, "model" varchar(100) NOT NULL, UNIQUE ("app_label", "model"));
INSERT INTO "django_content_type" VALUES(1,'log entry','admin','logentry');
INSERT INTO "django_content_type" VALUES(2,'permission','auth','permission');
INSERT INTO "django_content_type" VALUES(3,'group','auth','group');
INSERT INTO "django_content_type" VALUES(4,'user','auth','user');
INSERT INTO "django_content_type" VALUES(5,'content type','contenttypes','contenttype');
INSERT INTO "django_content_type" VALUES(6,'session','sessions','session');
INSERT INTO "django_content_type" VALUES(7,'machine','repairs','machine');
INSERT INTO "django_content_type" VALUES(8,'address','repairs','address');
INSERT INTO "django_content_type" VALUES(9,'customer','repairs','customer');
INSERT INTO "django_content_type" VALUES(10,'service engineer','repairs','serviceengineer');
INSERT INTO "django_content_type" VALUES(11,'part','repairs','part');
INSERT INTO "django_content_type" VALUES(13,'service log','repairs','servicelog');
INSERT INTO "django_content_type" VALUES(14,'part','parts','part');
DROP TABLE IF EXISTS "django_migrations";
CREATE TABLE "django_migrations" ("id" integer NOT NULL PRIMARY KEY AUTOINCREMENT, "app" varchar(255) NOT NULL, "name" varchar(255) NOT NULL, "applied" datetime NOT NULL);
INSERT INTO "django_migrations" VALUES(1,'contenttypes','0001_initial','2014-10-17 00:35:07.414574');
INSERT INTO "django_migrations" VALUES(2,'auth','0001_initial','2014-10-17 00:35:07.834472');
INSERT INTO "django_migrations" VALUES(3,'admin','0001_initial','2014-10-17 00:35:08.104447');
INSERT INTO "django_migrations" VALUES(4,'repairs','0001_initial','2014-10-17 00:35:08.434787');
INSERT INTO "django_migrations" VALUES(5,'sessions','0001_initial','2014-10-17 00:35:08.714580');
INSERT INTO "django_migrations" VALUES(6,'repairs','0002_auto_20141018_0941','2014-10-18 09:41:50.938268');
INSERT INTO "django_migrations" VALUES(7,'repairs','0003_auto_20141018_0943','2014-10-18 09:43:14.716958');
INSERT INTO "django_migrations" VALUES(8,'repairs','0004_auto_20141018_0950','2014-10-18 09:50:11.340983');
INSERT INTO "django_migrations" VALUES(9,'repairs','0005_auto_20141018_0956','2014-10-18 09:56:18.152238');
INSERT INTO "django_migrations" VALUES(10,'repairs','0006_auto_20141018_0957','2014-10-18 09:57:50.827531');
INSERT INTO "django_migrations" VALUES(11,'repairs','0007_auto_20141018_1003','2014-10-18 10:03:03.235538');
INSERT INTO "django_migrations" VALUES(12,'parts','0001_initial','2014-10-25 01:52:19.472022');
INSERT INTO "django_migrations" VALUES(13,'repairs','0008_auto_20141101_0018','2014-11-01 00:18:24.734948');
INSERT INTO "django_migrations" VALUES(14,'repairs','0009_auto_20141101_0103','2014-11-01 01:03:36.873068');
DROP TABLE IF EXISTS "django_session";
CREATE TABLE "django_session" ("session_key" varchar(40) NOT NULL PRIMARY KEY, "session_data" text NOT NULL, "expire_date" datetime NOT NULL);
INSERT INTO "django_session" VALUES('v8vmikj1gcyb30hyhqinm8r3e5f7191l','ZGEyNDRiM2FhMDBjNTA3ZGIzYWVhZTRkZTdjMWQxOWIxYjg3MmYxMjp7IndpemFyZF9zZXJ2aWNlX29yZGVyX3dpemFyZCI6eyJzdGVwIjoiYXNzZXNzbWVudCIsInN0ZXBfZGF0YSI6eyJjdXN0b21lciI6eyJjdXN0b21lci1zdHJlZXRfYWRkcmVzcyI6WyIxIl0sInNlcnZpY2Vfb3JkZXJfd2l6YXJkLWN1cnJlbnRfc3RlcCI6WyJjdXN0b21lciJdLCJjdXN0b21lci1lbWFpbCI6WyJzQHMuY29tIl0sImN1c3RvbWVyLW5hbWUiOlsiMjNhc2RmYXMiXSwiY3VzdG9tZXItYmlsbGluZ19hZGRyZXNzIjpbIjEiXSwiY3NyZm1pZGRsZXdhcmV0b2tlbiI6WyJQMGdYeUxaUENpQWp6ZXFVZ0R4enFrdDFmdW83MWxVeiJdfSwibWFjaGluZSI6eyJtYWNoaW5lLXNlcmlhbF9udW1iZXIiOlsiMzQ1MzQ1Il0sImNzcmZtaWRkbGV3YXJldG9rZW4iOlsiUDBnWHlMWlBDaUFqemVxVWdEeHpxa3QxZnVvNzFsVXoiXSwic2VydmljZV9vcmRlcl93aXphcmQtY3VycmVudF9zdGVwIjpbIm1hY2hpbmUiXSwibWFjaGluZS1tb2RlbCI6WyJhc2RmIl0sIm1hY2hpbmUtbWFudWZhY3R1cmVfZGF0ZSI6WyIxMS8yMy8yMDQ0Il0sIm1hY2hpbmUtcGFzc3dkIjpbImFzZGZhc2YiXSwibWFjaGluZS1zb2Z0d2FyZV92ZXJzaW9uIjpbIjExMjEiXSwibWFjaGluZS1wdWxzZV9jb3VudCI6WyIzMjIiXX0sImluZm8iOnsiaW5mby1ybWFfbnVtYmVyIjpbIjIzNCJdLCJpbmZvLWRhdGUiOlsiMTAvMjMvMjAxMyJdLCJjc3JmbWlkZGxld2FyZXRva2VuIjpbIlAwZ1h5TFpQQ2lBanplcVVnRHh6cWt0MWZ1bzcxbFV6Il0sInNlcnZpY2Vfb3JkZXJfd2l6YXJkLWN1cnJlbnRfc3RlcCI6WyJpbmZvIl0sImluZm8tZW5naW5lZXIiOlsiMSJdfX0sImV4dHJhX2RhdGEiOnt9LCJzdGVwX2ZpbGVzIjp7ImN1c3RvbWVyIjp7fSwibWFjaGluZSI6e30sImluZm8iOnt9fX0sIl9hdXRoX3VzZXJfaGFzaCI6IjUyN2I1ZGFjYmI3YzcxNTQxNDllMzAyZTU4OGFhNTQ2NWNhZTgzNWUiLCJfYXV0aF91c2VyX2lkIjoxLCJfYXV0aF91c2VyX2JhY2tlbmQiOiJkamFuZ28uY29udHJpYi5hdXRoLmJhY2tlbmRzLk1vZGVsQmFja2VuZCJ9','2014-11-17 01:15:55.393592');
INSERT INTO "django_session" VALUES('oc0jcejjlm1azpmbzm95hptea1azbfna','MzY1MjI4ODEzN2FhMjBjNjgyOGRiZDQ5NjA5NGEzMDEyOTQ4Y2ZkYjp7Il9hdXRoX3VzZXJfaWQiOjEsIl9hdXRoX3VzZXJfYmFja2VuZCI6ImRqYW5nby5jb250cmliLmF1dGguYmFja2VuZHMuTW9kZWxCYWNrZW5kIiwiX2F1dGhfdXNlcl9oYXNoIjoiNTI3YjVkYWNiYjdjNzE1NDE0OWUzMDJlNTg4YWE1NDY1Y2FlODM1ZSJ9','2014-11-11 22:43:36.332560');
INSERT INTO "django_session" VALUES('ezdohmxzg3rv76wohsm2ardcje2du6o1','MzBiMTkxYWRlYTg4ZjNlNTMxNjA1YTJjODE5YTIxMDhmNzIwZDMzMzp7Il9hdXRoX3VzZXJfaWQiOjIsIl9hdXRoX3VzZXJfYmFja2VuZCI6ImRqYW5nby5jb250cmliLmF1dGguYmFja2VuZHMuTW9kZWxCYWNrZW5kIiwiX2F1dGhfdXNlcl9oYXNoIjoiMjI4ZGRhYmI0YjY1YjBjYzI1OGQ3ZDg2ZTI4ZmVkMzkxY2Y0MzQxMiJ9','2014-11-11 22:45:32.888345');
DROP TABLE IF EXISTS "parts_part";
CREATE TABLE "parts_part" ("serial_number" integer NOT NULL PRIMARY KEY, "part_number" integer NOT NULL, "price" decimal NOT NULL, "quantity" integer NOT NULL, "location" varchar(200) NOT NULL);
INSERT INTO "parts_part" VALUES(92377,88,400,54,'Long Island');
INSERT INTO "parts_part" VALUES(8324234,332,359.99,7,'Boston');
DROP TABLE IF EXISTS "repairs_address";
CREATE TABLE "repairs_address" ("id" integer NOT NULL PRIMARY KEY AUTOINCREMENT, "street" varchar(200) NOT NULL, "city" varchar(200) NOT NULL, "state" varchar(200) NOT NULL, "zip" integer NOT NULL, "phone" varchar(12) NOT NULL, "contact_name" varchar(200) NOT NULL);
INSERT INTO "repairs_address" VALUES(1,'14 Main Street','Bellville','NY',112233,'323-344-3233','Fred');
INSERT INTO "repairs_address" VALUES(2,'55 Elm Street','New York','NY',11211,'234-234-2511','Joan Smith');
INSERT INTO "repairs_address" VALUES(3,'22 North Pane Blvd','Rochco','Nebraska',145111,'234-235-6443','Ben Fernswerth');
DROP TABLE IF EXISTS "repairs_customer";
CREATE TABLE "repairs_customer" ("id" integer NOT NULL PRIMARY KEY AUTOINCREMENT, "name" varchar(200) NOT NULL, "email" varchar(75) NOT NULL, "billing_address_id" integer NOT NULL REFERENCES "repairs_address" ("id"), "street_address_id" integer NOT NULL REFERENCES "repairs_address" ("id"));
INSERT INTO "repairs_customer" VALUES(1,'Dr. Zyzmor','drzyz@zyzmor.ocm',1,1);
INSERT INTO "repairs_customer" VALUES(2,'Alan Parsons Project','aparsons@hotmail.com',3,3);
DROP TABLE IF EXISTS "repairs_machine";
CREATE TABLE "repairs_machine" ("serial_number" integer NOT NULL PRIMARY KEY, "model" varchar(200) NOT NULL, "manufacture_date" date NOT NULL, "passwd" varchar(200) NOT NULL, "pulse_count" integer NOT NULL, "software_version" real NOT NULL);
INSERT INTO "repairs_machine" VALUES(999,'Blankenship','2014-10-18','pasdf',33,1.3);
INSERT INTO "repairs_machine" VALUES(87234,'Regal','2011-10-23','puasd',777,4.5);
DROP TABLE IF EXISTS "repairs_part";
CREATE TABLE "repairs_part" ("serial_number" integer NOT NULL PRIMARY KEY, "part_number" integer NOT NULL, "quantity" integer NOT NULL, "price" decimal NOT NULL);
INSERT INTO "repairs_part" VALUES(98097,33,2,400);
INSERT INTO "repairs_part" VALUES(98234,83726,3,5.59);
DROP TABLE IF EXISTS "repairs_serviceengineer";
CREATE TABLE "repairs_serviceengineer" ("id" integer NOT NULL PRIMARY KEY AUTOINCREMENT, "first_name" varchar(200) NOT NULL, "last_name" varchar(200) NOT NULL);
INSERT INTO "repairs_serviceengineer" VALUES(1,'Bobby','Birchman');
INSERT INTO "repairs_serviceengineer" VALUES(2,'JD','JD');
DROP TABLE IF EXISTS "repairs_servicelog";
CREATE TABLE "repairs_servicelog" ("rma_number" integer NOT NULL PRIMARY KEY, "date" date NOT NULL, "condition" text NOT NULL, "correction" text NOT NULL, "notes" text NOT NULL, "payment_category" varchar(20) NOT NULL, "service_category" varchar(20) NOT NULL, "customer_id" integer NOT NULL REFERENCES "repairs_customer" ("id"), "engineer_id" integer NOT NULL REFERENCES "repairs_serviceengineer" ("id"), "machine_id" integer NOT NULL REFERENCES "repairs_machine" ("serial_number"), "parts_charge" decimal NOT NULL, "purchase_order" integer NOT NULL, "total_charge" decimal NULL, "zone_charge" decimal NOT NULL);
INSERT INTO "repairs_servicelog" VALUES(5345,'2014-10-18','Broken Fetzer valve.','Replaced Fetzer valve','Customer was very pleased with the service.','billable_repair','service',1,1,999,0,0,0,0);
INSERT INTO "repairs_servicelog" VALUES(8888,'2014-10-23','Rough around the edges.','Changed video screen','Customer required extra training.','billable_repair','complaint',2,2,87234,5.33,232,0,5.45);
